Strain	Codon	P/R Frequency	Genome-Wide Frequency
Cryptococcus_sp._DSM108351	ATG	0.02437554409696645	0.02138386705570958
Cryptococcus_sp._DSM108351	CAC	0.013995848121609858	0.0173706228541783
Cryptococcus_sp._DSM108351	GAC	0.026183620170093083	0.036192446267027514
Cryptococcus_sp._DSM108351	CCA	0.01580392419473649	0.008659839690528038
Cryptococcus_sp._DSM108351	GCC	0.021228152414116387	0.03338917839468029
Cryptococcus_sp._DSM108351	CTC	0.01928614478001741	0.038785606734011185
Cryptococcus_sp._DSM108351	GTC	0.019353110560503584	0.025521578553734076
Cryptococcus_sp._DSM108351	TTC	0.018616486975155694	0.02206568348517242
Cryptococcus_sp._DSM108351	TGT	0.007567133194937387	0.002804920093097132
Cryptococcus_sp._DSM108351	GGC	0.017277171365432265	0.030609592353081777
Cryptococcus_sp._DSM108351	ATT	0.016339650438625862	0.007084171835363913
Cryptococcus_sp._DSM108351	ACA	0.017344137145918436	0.008252016535425266
Cryptococcus_sp._DSM108351	GTA	0.00810285943882676	0.004974561307853886
Cryptococcus_sp._DSM108351	GTT	0.015268197950847117	0.006879847202625048
Cryptococcus_sp._DSM108351	CTA	0.008638585682716133	0.003409632887564175
Cryptococcus_sp._DSM108351	CTT	0.022433536462867474	0.01045965882742995
Cryptococcus_sp._DSM108351	TTA	0.005424228219379897	0.0017004105217823277
Cryptococcus_sp._DSM108351	CAT	0.017612000267863123	0.006153971553164608
Cryptococcus_sp._DSM108351	TGG	0.01372798499966517	0.013611269907883186
Cryptococcus_sp._DSM108351	CGA	0.010379695975356592	0.005974430231674393
Cryptococcus_sp._DSM108351	GCT	0.02517913346280051	0.015774026869515314
Cryptococcus_sp._DSM108351	AAC	0.015335163731333288	0.02101542182847966
Cryptococcus_sp._DSM108351	TCT	0.020759391950713184	0.01145539719937568
Cryptococcus_sp._DSM108351	GGA	0.015736958414250317	0.009822452358214676
Cryptococcus_sp._DSM108351	ACT	0.017745931828835465	0.008353077371294758
Cryptococcus_sp._DSM108351	CTG	0.023772852072590906	0.021551842831950423
Cryptococcus_sp._DSM108351	TTG	0.019152213219045068	0.011287421423134835
Cryptococcus_sp._DSM108351	ATC	0.022299604901895132	0.02856496917506821
Cryptococcus_sp._DSM108351	GGG	0.013594053438692829	0.029220074702407506
Cryptococcus_sp._DSM108351	GAT	0.029397977633429318	0.01686036201258111
Cryptococcus_sp._DSM108351	GCG	0.012522600950914084	0.03490481556259769
Cryptococcus_sp._DSM108351	AGC	0.013326190316748142	0.01689836308982904
Cryptococcus_sp._DSM108351	TAT	0.013192258755775798	0.005527229148698766
Cryptococcus_sp._DSM108351	GAG	0.02953190919440166	0.052678855649879
Cryptococcus_sp._DSM108351	GAA	0.028393490926136744	0.011945831391973952
Cryptococcus_sp._DSM108351	TCC	0.015000334828902432	0.024161250136308213
Cryptococcus_sp._DSM108351	TCG	0.01158508002410768	0.019982783859785937
Cryptococcus_sp._DSM108351	CCC	0.012120806267997053	0.029149029210161378
Cryptococcus_sp._DSM108351	GTG	0.019888836804392955	0.026886863633409665
Cryptococcus_sp._DSM108351	TGC	0.006093886024241613	0.006519663079144678
Cryptococcus_sp._DSM108351	AAA	0.02317016004821536	0.008537024614784732
Cryptococcus_sp._DSM108351	CCT	0.02042456304828233	0.013722244068252138
Cryptococcus_sp._DSM108351	CGC	0.008705551463202304	0.018894245755720265
Cryptococcus_sp._DSM108351	GCA	0.0214290497555749	0.014224519176224764
Cryptococcus_sp._DSM108351	ACG	0.007098372731534186	0.016747735631462247
Cryptococcus_sp._DSM108351	AGT	0.012254737828969397	0.005976357822549288
Cryptococcus_sp._DSM108351	CAG	0.02223263912140896	0.02713359526539622
Cryptococcus_sp._DSM108351	AGG	0.011652045804593853	0.015050904921304726
Cryptococcus_sp._DSM108351	CGG	0.006294783365700127	0.011259884410636337
Cryptococcus_sp._DSM108351	ATA	0.01071452487778745	0.004236569372894107
Cryptococcus_sp._DSM108351	TTT	0.016004821536195004	0.009303930412867936
Cryptococcus_sp._DSM108351	ACC	0.015134266389874773	0.02431077611417506
Cryptococcus_sp._DSM108351	GGT	0.016071787316681175	0.01346036707939141
Cryptococcus_sp._DSM108351	AAG	0.021696912877519587	0.03712264654922682
Cryptococcus_sp._DSM108351	TCA	0.018683452755641868	0.006972371564620006
Cryptococcus_sp._DSM108351	AGA	0.01071452487778745	0.004457691583257056
Cryptococcus_sp._DSM108351	CGT	0.010111832853411907	0.006296613277906834
Cryptococcus_sp._DSM108351	CAA	0.02223263912140896	0.008274596885674034
Cryptococcus_sp._DSM108351	CCG	0.00897341458514699	0.02011413540940378
Cryptococcus_sp._DSM108351	TAC	0.013125292975289627	0.01809759998413868
Cryptococcus_sp._DSM108351	AAT	0.018147726511752494	0.006156449884289474
Cryptococcus_sp._DSM108351	TGA	0.000937520926806402	0.0006531779364644018
Cryptococcus_sp._DSM108351	TAG	0.00026786312194468625	0.0008093127973308925
Cryptococcus_sp._DSM108351	TAA	0.0003348289024308578	0.0003442126562312404
Cryptococcus_sp._NCYC1536	ATG	0.023500262782491177	0.02143878271610406
Cryptococcus_sp._NCYC1536	GCC	0.022073729258953376	0.033423307489343766
Cryptococcus_sp._NCYC1536	AGC	0.011111945341241835	0.016888676734695438
Cryptococcus_sp._NCYC1536	AAG	0.02672873338839252	0.0372076352544497
Cryptococcus_sp._NCYC1536	GTC	0.019971469329529243	0.02553915461475013
Cryptococcus_sp._NCYC1536	GAT	0.029731961858998422	0.01682743634895756
Cryptococcus_sp._NCYC1536	GAA	0.028680831894286357	0.011911255026017595
Cryptococcus_sp._NCYC1536	GCG	0.012313236729484195	0.03494666208457352
Cryptococcus_sp._NCYC1536	TCT	0.02229897139424882	0.011431447539544476
Cryptococcus_sp._NCYC1536	GCA	0.02312485922366544	0.014193006183911987
Cryptococcus_sp._NCYC1536	GCT	0.02462647345896839	0.01572210206530467
Cryptococcus_sp._NCYC1536	TCC	0.015391545911855244	0.024202528517105068
Cryptococcus_sp._NCYC1536	ACG	0.008634281852991966	0.016763188622848625
Cryptococcus_sp._NCYC1536	GAC	0.025152038441324423	0.036217126694055336
Cryptococcus_sp._NCYC1536	CCC	0.012688640288309933	0.029197720873430064
Cryptococcus_sp._NCYC1536	TAT	0.014415496658908327	0.005522023710418275
Cryptococcus_sp._NCYC1536	AAC	0.01644267587656731	0.021035252317224105
Cryptococcus_sp._NCYC1536	ATA	0.01006081537652977	0.004247184787669467
Cryptococcus_sp._NCYC1536	TAC	0.01156242961183272	0.01812004591935352
Cryptococcus_sp._NCYC1536	CGA	0.011111945341241835	0.005966016507017902
Cryptococcus_sp._NCYC1536	TTG	0.020572115023650424	0.011266864002873923
Cryptococcus_sp._NCYC1536	CGT	0.007508071176514753	0.006238317507888117
Cryptococcus_sp._NCYC1536	AAA	0.02289961708837	0.008549868674913887
Cryptococcus_sp._NCYC1536	GAG	0.03183422178842255	0.05266017026467602
Cryptococcus_sp._NCYC1536	CTA	0.009535250394173737	0.003412237742832483
Cryptococcus_sp._NCYC1536	CGG	0.008258878294166229	0.011256475008864819
Cryptococcus_sp._NCYC1536	CTC	0.017568886553044522	0.038817655931281725
Cryptococcus_sp._NCYC1536	CAG	0.02229897139424882	0.02717378080370898
Cryptococcus_sp._NCYC1536	ATC	0.021247841429536753	0.02864026932646785
Cryptococcus_sp._NCYC1536	GGG	0.014040093100082588	0.02928219979839884
Cryptococcus_sp._NCYC1536	AAT	0.016592837300097606	0.0061398954593808105
Cryptococcus_sp._NCYC1536	CTT	0.02184848712365793	0.010431916958036939
Cryptococcus_sp._NCYC1536	CAA	0.02184848712365793	0.008238472249219937
Cryptococcus_sp._NCYC1536	GTG	0.020797357158945866	0.026883162366033237
Cryptococcus_sp._NCYC1536	ACT	0.017794128688339964	0.008329786038668383
Cryptococcus_sp._NCYC1536	AGA	0.013064043847135672	0.004450863749163755
Cryptococcus_sp._NCYC1536	TTC	0.01704332157068849	0.022120628796596348
Cryptococcus_sp._NCYC1536	ATT	0.015466626623620392	0.007080372811783963
Cryptococcus_sp._NCYC1536	ACC	0.01246339815301449	0.02436355792424619
Cryptococcus_sp._NCYC1536	CTG	0.0213229221413019	0.021555522201416894
Cryptococcus_sp._NCYC1536	CCT	0.02072227644718072	0.013701716125113015
Cryptococcus_sp._NCYC1536	GGA	0.01494106164126436	0.009793540615635381
Cryptococcus_sp._NCYC1536	TGG	0.014265335235378032	0.013624892248361479
Cryptococcus_sp._NCYC1536	GTT	0.015541707335385539	0.0068682186183348795
Cryptococcus_sp._NCYC1536	TTT	0.013589608829491704	0.009298423032727791
Cryptococcus_sp._NCYC1536	CGC	0.009234927547113147	0.018864225963900434
Cryptococcus_sp._NCYC1536	AGT	0.01096178391771154	0.005917078877343436
Cryptococcus_sp._NCYC1536	TTA	0.00578121480591636	0.001697506942171852
Cryptococcus_sp._NCYC1536	CAC	0.013589608829491704	0.01738570807965734
Cryptococcus_sp._NCYC1536	TGT	0.006907425482393573	0.0027749549787476724
Cryptococcus_sp._NCYC1536	CCA	0.015917110894211276	0.008631340259511603
Cryptococcus_sp._NCYC1536	GGT	0.015466626623620392	0.01338977291026069
Cryptococcus_sp._NCYC1536	CCG	0.009159846835347998	0.020143165805337045
Cryptococcus_sp._NCYC1536	TCG	0.009385088970643442	0.019971200615028446
Cryptococcus_sp._NCYC1536	TGC	0.005330730535325475	0.006515813005762885
Cryptococcus_sp._NCYC1536	GGC	0.01824461295893085	0.03061691213398959
Cryptococcus_sp._NCYC1536	ACA	0.0197462271942338	0.008223982336523028
Cryptococcus_sp._NCYC1536	CAT	0.015616788047150687	0.006124858757525528
Cryptococcus_sp._NCYC1536	TCA	0.017568886553044522	0.006945862678823977
Cryptococcus_sp._NCYC1536	GTA	0.010436218935355507	0.004974687762885975
Cryptococcus_sp._NCYC1536	TAA	0.00037540355882573765	0.00034939827220093844
Cryptococcus_sp._NCYC1536	AGG	0.012087994594188753	0.015027953228748971
Cryptococcus_sp._NCYC1536	TAG	0.0006006456941211803	0.0008144424513979622
Cryptococcus_sp._NCYC1536	TGA	0.0009009685411817704	0.0006517726767817193
Cryptococcus_sp._DSM109063	ATG	0.025498663376516552	0.021137046135304954
Cryptococcus_sp._DSM109063	GCG	0.0107958050586058	0.03495577399902494
Cryptococcus_sp._DSM109063	TCT	0.018404277195147027	0.01200943018603468
Cryptococcus_sp._DSM109063	CCT	0.019329631914456098	0.014959105841618081
Cryptococcus_sp._DSM109063	TAT	0.012852148879292617	0.005578412721413824
Cryptococcus_sp._DSM109063	GCC	0.023750771128932757	0.0328474778895507
Cryptococcus_sp._DSM109063	AAG	0.02848036191651244	0.03736408901275157
Cryptococcus_sp._DSM109063	GGC	0.0198437178696278	0.028870441581395564
Cryptococcus_sp._DSM109063	ACC	0.014085955171704708	0.025408488749163533
Cryptococcus_sp._DSM109063	CTT	0.02261978202755501	0.010660875825594112
Cryptococcus_sp._DSM109063	GTC	0.01963808348755912	0.02479390920805469
Cryptococcus_sp._DSM109063	TGG	0.011618342586880527	0.01371208849129014
Cryptococcus_sp._DSM109063	CCA	0.014394406744807731	0.00907429626305535
Cryptococcus_sp._DSM109063	GAT	0.028994447871684145	0.017768721651593863
Cryptococcus_sp._DSM109063	GTT	0.01624511618342587	0.007018299367332585
Cryptococcus_sp._DSM109063	GGG	0.012132428542052232	0.030562384925784863
Cryptococcus_sp._DSM109063	ACG	0.007916923709644252	0.016470170441862025
Cryptococcus_sp._DSM109063	GTG	0.019021180341353073	0.02644324782709523
Cryptococcus_sp._DSM109063	TCC	0.01953526629652478	0.02460052967623215
Cryptococcus_sp._DSM109063	ATC	0.025704297758585234	0.029312561276182453
Cryptococcus_sp._DSM109063	ACT	0.015114127082048118	0.00858880648857211
Cryptococcus_sp._DSM109063	TTT	0.0153197614641168	0.009042916734804464
Cryptococcus_sp._DSM109063	CCG	0.007916923709644252	0.01953796578508901
Cryptococcus_sp._DSM109063	GAA	0.031153608883405307	0.012621713664100774
Cryptococcus_sp._DSM109063	GAC	0.027760641579272053	0.03492439447077405
Cryptococcus_sp._DSM109063	TTG	0.02066625539790253	0.012592630198892634
Cryptococcus_sp._DSM109063	CTC	0.01727328809376928	0.038860866998507305
Cryptococcus_sp._DSM109063	ATT	0.016759202138597575	0.006751956054373834
Cryptococcus_sp._DSM109063	AAA	0.02601274933168826	0.009030926183359003
Cryptococcus_sp._DSM109063	TAC	0.011618342586880527	0.01798455157761216
Cryptococcus_sp._DSM109063	CAT	0.015833847419288505	0.006277946595104334
Cryptococcus_sp._DSM109063	GGT	0.01429158955377339	0.014050630231037517
Cryptococcus_sp._DSM109063	TTC	0.01850709438618137	0.022512387897910914
Cryptococcus_sp._DSM109063	AAT	0.016862019329631914	0.005997826903889097
Cryptococcus_sp._DSM109063	AGT	0.008842278428953321	0.006025634778517932
Cryptococcus_sp._DSM109063	GCA	0.022311330454451984	0.013169452258854065
Cryptococcus_sp._DSM109063	CAG	0.02282541640962369	0.02633839428147641
Cryptococcus_sp._DSM109063	CCC	0.013983137980670367	0.028827581737930937
Cryptococcus_sp._DSM109063	CTG	0.021283158544108574	0.01935708704094365
Cryptococcus_sp._DSM109063	AGG	0.012132428542052232	0.01503742710318737
Cryptococcus_sp._DSM109063	AAC	0.01727328809376928	0.021522274490254872
Cryptococcus_sp._DSM109063	ACA	0.019226814723421755	0.007585682057007164
Cryptococcus_sp._DSM109063	GAG	0.0306395229282336	0.05272168935134433
Cryptococcus_sp._DSM109063	AGC	0.0107958050586058	0.016725033439607035
Cryptococcus_sp._DSM109063	TCA	0.019329631914456098	0.007125193857878289
Cryptococcus_sp._DSM109063	GTA	0.009561998766193708	0.004487017421761014
Cryptococcus_sp._DSM109063	CGG	0.007300020563438207	0.010640466376325243
Cryptococcus_sp._DSM109063	CAA	0.022208513263417645	0.00939013249049111
Cryptococcus_sp._DSM109063	ATA	0.009664815957228049	0.003583899291613528
Cryptococcus_sp._DSM109063	TCG	0.009561998766193708	0.01961092956622522
Cryptococcus_sp._DSM109063	GCT	0.02488176023031051	0.017649326373370976
Cryptococcus_sp._DSM109063	TGT	0.006066214271026116	0.0028958457331367564
Cryptococcus_sp._DSM109063	CGC	0.008842278428953321	0.018027666539192647
Cryptococcus_sp._DSM109063	GGA	0.012235245733086573	0.009808015964271218
Cryptococcus_sp._DSM109063	AGA	0.011104256631708822	0.004317618992829395
Cryptococcus_sp._DSM109063	CGT	0.009459181575159367	0.006524645813141798
Cryptococcus_sp._DSM109063	CGA	0.010384536294468436	0.006608324555144164
Cryptococcus_sp._DSM109063	TTA	0.005243676742751388	0.0015437197190741356
Cryptococcus_sp._DSM109063	CAC	0.01326341764342998	0.017078372030074344
Cryptococcus_sp._DSM109063	CTA	0.0076084721365412295	0.0029512063642785657
Cryptococcus_sp._DSM109063	TGC	0.005757762697923093	0.006280497776262943
Cryptococcus_sp._DSM109063	TGA	0.0010281719103434094	0.0006625417468906842
Cryptococcus_sp._DSM109063	TAA	0.0009253547193090684	0.0003785952839375338
Cryptococcus_sp._DSM109063	TAG	0.00030845157310302283	0.0008028567106141637
Cryptococcus_sp._OR918	ATG	0.025655690824413758	0.021213777476091652
Cryptococcus_sp._OR918	GAC	0.027371517280823595	0.035126333078087546
Cryptococcus_sp._OR918	GCC	0.023694746302802515	0.03276255485482462
Cryptococcus_sp._OR918	TTC	0.018874091020508212	0.023312423103622693
Cryptococcus_sp._OR918	ACT	0.016749734455429367	0.008769300226551388
Cryptococcus_sp._OR918	ATC	0.02246915597679549	0.030231002717439295
Cryptococcus_sp._OR918	TCC	0.01601438025982515	0.024587595417168366
Cryptococcus_sp._OR918	ACC	0.013563199607811096	0.02618608911987299
Cryptococcus_sp._OR918	GCT	0.023531334259334912	0.01802811084761374
Cryptococcus_sp._OR918	GAG	0.030558052128441867	0.053646444891137145
Cryptococcus_sp._OR918	CCC	0.013072963477408285	0.029353189674183513
Cryptococcus_sp._OR918	CGC	0.009968134651523818	0.017817997227768147
Cryptococcus_sp._OR918	AAC	0.01650461639022796	0.021927212838304438
Cryptococcus_sp._OR918	CAG	0.023122804150665904	0.026161636241701303
Cryptococcus_sp._OR918	GGT	0.014788789933818122	0.01429451861565917
Cryptococcus_sp._OR918	AAG	0.026881281150420787	0.03799592361464257
Cryptococcus_sp._OR918	GGC	0.018057030803170195	0.028184885494869652
Cryptococcus_sp._OR918	CTC	0.017321676607565978	0.03937819047795867
Cryptococcus_sp._OR918	TGT	0.006046245608301332	0.0030253644271301967
Cryptococcus_sp._OR918	GTG	0.019446033172644824	0.026487674617323778
Cryptococcus_sp._OR918	TAA	0.0006536481738704142	0.00036724600365253547
Cryptococcus_sp._OR918	TCG	0.011520549064466052	0.019342000218264578
Cryptococcus_sp._OR918	TGC	0.006536481738704142	0.006623560166985988
Cryptococcus_sp._OR918	CAT	0.016096086281558952	0.006136087512322665
Cryptococcus_sp._OR918	CCA	0.013481493586077293	0.009330810762345647
Cryptococcus_sp._OR918	TAT	0.013726611651278699	0.005545595787584187
Cryptococcus_sp._OR918	CAA	0.021652095759457472	0.009204018060714685
Cryptococcus_sp._OR918	AAA	0.024920336628809544	0.008230204829081175
Cryptococcus_sp._OR918	GTA	0.008334014216847782	0.004255480048489152
Cryptococcus_sp._OR918	GAA	0.03014952201977286	0.011777909903823207
Cryptococcus_sp._OR918	ACA	0.01871067897704061	0.0073308823096558525
Cryptococcus_sp._OR918	ACG	0.007598660021243566	0.016253239440318902
Cryptococcus_sp._OR918	GAT	0.030884876215377072	0.0174625248321242
Cryptococcus_sp._OR918	TCT	0.020099681346515238	0.01189021201098206
Cryptococcus_sp._OR918	TTG	0.021815507802925075	0.012501533965274196
Cryptococcus_sp._OR918	GGA	0.013481493586077293	0.009665226512897309
Cryptococcus_sp._OR918	GTC	0.020099681346515238	0.02517921921959998
Cryptococcus_sp._OR918	TGG	0.01331808154260969	0.014286367656268608
Cryptococcus_sp._OR918	TCA	0.017076558542364572	0.006918579613816601
Cryptococcus_sp._OR918	GCG	0.011683961107933655	0.0344411996582031
Cryptococcus_sp._OR918	GCA	0.023776452324536318	0.012657307855849377
Cryptococcus_sp._OR918	AGC	0.011520549064466052	0.016617994873046542
Cryptococcus_sp._OR918	AGG	0.011765667129667456	0.015057312565292582
Cryptococcus_sp._OR918	CCT	0.01748508865103358	0.015194520381700372
Cryptococcus_sp._OR918	AGA	0.011438843042732249	0.0041868761402852565
Cryptococcus_sp._OR918	AAT	0.017158264564098375	0.0054629541159854356
Cryptococcus_sp._OR918	TTT	0.01568755617288994	0.008435563722615606
Cryptococcus_sp._OR918	CGA	0.010049840673257619	0.006641673410076126
Cryptococcus_sp._OR918	CGT	0.00964131056458861	0.006545899637237024
Cryptococcus_sp._OR918	GTT	0.016749734455429367	0.006828466229443168
Cryptococcus_sp._OR918	ATT	0.01748508865103358	0.006331484122157523
Cryptococcus_sp._OR918	AGT	0.011765667129667456	0.006061596800114475
Cryptococcus_sp._OR918	CCG	0.008824250347250592	0.01909588652777734
Cryptococcus_sp._OR918	CTT	0.021733801781191275	0.010205001156983402
Cryptococcus_sp._OR918	CTA	0.008088896151646376	0.002765439388786725
Cryptococcus_sp._OR918	GGG	0.012664433368739276	0.03025273860914746
Cryptococcus_sp._OR918	ATA	0.009069368412451997	0.0034630256632956413
Cryptococcus_sp._OR918	CAC	0.01331808154260969	0.017199429976239952
Cryptococcus_sp._OR918	TTA	0.0057194215213661245	0.0015215124195715403
Cryptococcus_sp._OR918	CGG	0.008007190129912575	0.010583794353105901
Cryptococcus_sp._OR918	CTG	0.01928262112917722	0.01954260438548785
Cryptococcus_sp._OR918	TAC	0.011847373151401257	0.018587583643560356
Cryptococcus_sp._OR918	TAG	0.0003268240869352071	0.0008187185876742098
Cryptococcus_sp._OR918	TGA	0.001062178282539423	0.0007104919602106389
